average cumulative strength:,0.1694,,,,
residue index,amino acid,number of ECs,cumulative strength,EC strength,conservation
155,H,11,2.069,12.2,66
19,L,11,2.033,12,54
8,M,9,1.753,10.3,42
40,G,8,1.464,8.6,77
203,V,8,1.424,8.4,51
205,M,6,1.411,8.3,36
232,M,7,1.403,8.3,39
95,T,7,1.393,8.2,38
112,M,7,1.37,8.1,63
22,C,8,1.361,8,65
17,S,8,1.351,8,57
21,L,8,1.334,7.9,66
220,R,7,1.332,7.9,39
9,L,8,1.266,7.5,64
215,I,7,1.234,7.3,56
18,D,7,1.215,7.2,69
233,V,7,1.21,7.1,37
184,I,7,1.192,7,60
20,G,7,1.172,6.9,62
44,P,7,1.092,6.5,75
103,S,7,1.078,6.4,73
10,V,6,1.074,6.3,51
227,Q,6,1.029,6.1,57
100,N,6,1.016,6,56
33,T,6,1.003,5.9,73
15,T,5,1.002,5.9,35
11,L,6,0.986,5.8,69
245,S,6,0.971,5.7,63
177,H,6,0.953,5.6,66
164,R,5,0.944,5.6,81
240,V,5,0.942,5.6,64
138,I,4,0.942,5.6,55
37,R,6,0.913,5.4,81
38,Y,5,0.905,5.3,75
14,A,5,0.905,5.3,57
50,P,5,0.887,5.2,75
12,F,5,0.879,5.2,63
244,I,5,0.854,5,60
139,I,5,0.851,5,64
16,W,5,0.83,4.9,64
130,L,5,0.801,4.7,88
222,S,5,0.776,4.6,67
182,I,5,0.773,4.6,80
109,M,5,0.767,4.5,66
174,N,5,0.766,4.5,63
43,S,5,0.758,4.5,68
13,V,5,0.747,4.4,63
170,S,5,0.747,4.4,54
225,Y,4,0.734,4.3,63
47,N,4,0.734,4.3,69
219,E,4,0.728,4.3,60
56,G,4,0.706,4.2,66
72,G,3,0.691,4.1,77
237,S,4,0.689,4.1,57
230,S,4,0.669,4,47
53,G,4,0.655,3.9,71
143,S,4,0.652,3.8,71
49,Y,4,0.648,3.8,75
27,K,4,0.642,3.8,66
36,S,4,0.626,3.7,69
223,Q,4,0.614,3.6,52
159,N,4,0.611,3.6,77
35,G,4,0.611,3.6,78
167,D,4,0.611,3.6,68
162,Y,4,0.603,3.6,93
84,P,4,0.594,3.5,74
209,V,3,0.588,3.5,85
114,G,4,0.584,3.4,82
239,P,3,0.578,3.4,68
201,T,3,0.561,3.3,72
45,G,3,0.552,3.3,77
189,V,3,0.535,3.2,69
42,G,3,0.529,3.1,74
229,G,3,0.527,3.1,65
75,Q,3,0.519,3.1,71
154,M,3,0.515,3,85
234,L,3,0.514,3,69
48,R,3,0.512,3,67
194,K,3,0.506,3,83
236,S,3,0.484,2.9,72
90,G,3,0.476,2.8,78
86,G,3,0.473,2.8,75
166,M,2,0.469,2.8,66
151,R,3,0.46,2.7,70
121,V,3,0.459,2.7,89
30,G,3,0.459,2.7,93
129,M,2,0.455,2.7,69
221,E,3,0.445,2.6,68
62,G,3,0.443,2.6,79
187,H,3,0.432,2.5,74
160,Q,2,0.428,2.5,77
144,D,3,0.423,2.5,69
96,H,3,0.42,2.5,69
97,S,2,0.416,2.5,38
91,Q,3,0.416,2.5,69
149,Y,2,0.408,2.4,85
55,G,3,0.395,2.3,78
228,R,3,0.394,2.3,65
148,R,2,0.39,2.3,81
140,H,2,0.382,2.3,77
69,H,2,0.373,2.2,78
101,K,2,0.358,2.1,83
212,Q,2,0.353,2.1,70
64,G,2,0.352,2.1,87
238,P,2,0.329,1.9,70
111,H,2,0.326,1.9,79
28,P,2,0.324,1.9,70
51,P,2,0.323,1.9,74
152,E,2,0.321,1.9,80
94,G,2,0.319,1.9,69
180,V,2,0.318,1.9,75
39,P,2,0.311,1.8,87
34,G,2,0.31,1.8,86
199,T,2,0.31,1.8,76
41,Q,2,0.307,1.8,69
105,P,2,0.307,1.8,77
52,Q,2,0.306,1.8,68
46,G,2,0.305,1.8,86
81,W,2,0.301,1.8,78
195,G,2,0.3,1.8,74
231,S,2,0.297,1.8,65
113,A,2,0.291,1.7,85
83,Q,2,0.288,1.7,79
171,N,2,0.287,1.7,68
23,K,2,0.283,1.7,73
61,H,2,0.28,1.7,76
196,E,2,0.279,1.6,72
186,Q,2,0.279,1.6,63
122,V,2,0.275,1.6,83
193,T,2,0.272,1.6,75
178,D,2,0.267,1.6,84
104,K,1,0.266,1.6,88
80,G,1,0.247,1.5,90
78,G,1,0.246,1.5,70
157,Y,1,0.211,1.2,81
218,Y,1,0.207,1.2,96
26,P,1,0.19,1.1,77
217,Q,1,0.184,1.1,81
88,G,1,0.182,1.1,87
108,N,1,0.178,1.1,75
172,Q,1,0.173,1,79
213,M,1,0.171,1,81
176,V,1,0.166,1,82
185,K,1,0.164,1,69
211,E,1,0.162,1,70
173,N,1,0.162,1,70
77,H,1,0.162,1,75
117,A,1,0.162,1,87
24,K,1,0.155,0.9,73
168,E,1,0.154,0.9,64
70,G,1,0.15,0.9,69
31,W,1,0.148,0.9,76
206,M,1,0.148,0.9,71
200,E,1,0.148,0.9,80
29,G,1,0.143,0.8,91
99,W,1,0.142,0.8,67
145,Y,1,0.142,0.8,65
63,G,1,0.142,0.8,80
32,N,1,0.141,0.8,73
58,G,1,0.141,0.8,91
118,A,1,0.14,0.8,82
115,A,1,0.139,0.8,97
65,W,1,0.138,0.8,70
241,I,1,0.137,0.8,59
214,C,1,0.136,0.8,97
208,R,1,0.136,0.8,70
74,G,1,0.133,0.8,71
198,F,1,0.13,0.8,70
102,P,1,0.13,0.8,97
59,Q,1,0.13,0.8,70
133,A,1,0.129,0.8,75
66,G,1,0.129,0.8,77
93,G,1,0.129,0.8,70
119,G,1,0.129,0.8,99